name,objid,candid,ra,dec,distnr,gals,consolid,tnsid,tnstype,tnsdiscoverydate,tnsdiscoverymag,simbadid,gaiadesignation,gaiaprllx,gaiadist,location
ZTF18abnxxan_2381460606115010002,ZTF18abnxxan,2381460606115010002,351.2086869,15.2794836,0.12830732762813568,NGC7653,2018cjk,2018cjk,,2018-06-11 10:47:43.000,18.8,SN 2018cjk,,,,spiral
ZTF18aabstmw_2362224391915010001,ZTF18aabstmw,2362224391915010001,153.451158,38.763144,0.1260458379983902,NGC3158,2018aaz,2018aaz,SN Ia,2018-03-06 13:36:19.000,18.3,SN 2018aaz,,,,halo
ZTF18aaxljll_2381286074015010000,ZTF18aaxljll,2381286074015010000,248.0094601,78.2114056,0.10817006230354309,NGC6217,2018gj,2018gj,SN II,2018-01-14 09:49:23.000,14.6,SN 2018gj,,,,spiral
ZTF18aaiivec_2380225690215010008,ZTF18aaiivec,2380225690215010008,230.6876496,29.7707731,0.8195645213127136,UGC09831,2018ti,2018ti,,2018-02-10 11:38:06.000,19.5,,,,,bulge
ZTF18absoocp_2381452126315010004,ZTF18absoocp,2381452126315010004,358.1007613,28.7750403,0.0857677236199379,NGC7775,2018cew,2018cew,SN Ib,2018-06-04 10:05:27.000,18.0,AT 2018cew,,,,spiral
ZTF18aaaydjb_2343186735015010001,ZTF18aaaydjb,2343186735015010001,136.4990809,35.373255,0.08541318774223328,NGC2746,2018iq,2018iq,SN Ia,2018-01-19 11:52:07.000,17.0,SN 2018iq,,,,spiral
ZTF17aadtkxz_2305166125015010002,ZTF17aadtkxz,2305166125015010002,136.4990736,35.3732742,0.3439079523086548,NGC2746,2018iq,2018iq,SN Ia,2018-01-19 11:52:07.000,17.0,SN 2018iq,,,,spiral
ZTF18aaqfqaa_2382357822215010001,ZTF18aaqfqaa,2382357822215010001,233.0064692,68.241947,0.11517217755317688,IC1129,2018bek,2018bek,SN II,2018-05-05 01:26:24.000,16.9,SN 2018bek,,,,spiral
ZTF18aaylcqb_2382287140015010003,ZTF18aaylcqb,2382287140015010003,234.1363255,16.6056411,0.0881587564945221,NGC5962,2017ivu,2017ivu,SN IIP,2017-12-11 20:34:32.000,15.4,SN 2017ivu,,,,spiral
ZTF18aahpyxs_2361224696015010001,ZTF18aahpyxs,2361224696015010001,162.97075,51.0081181,0.7779791355133057,NGC3406,2017ijx,2017ijx,SN Ia,2017-11-21 16:29:10.000,16.9,SN 2017ijx,,,,spiral
ZTF18aaqfkqh_2382276583415010008,ZTF18aaqfkqh,2382276583415010008,217.6037875,11.9325922,0.09508035331964493,NGC5644,2018ahq,2018ahq,SN Ia,2018-03-17 09:54:34.000,17.5,SN 2018ahq,,,,halo
ZTF18aabcwtr_2361229423215010000,ZTF18aabcwtr,2361229423215010000,176.5540874,20.388516,0.10989589989185333,NGC3884,2018yn,2018yn,SN Ic,2018-02-23 10:19:32.000,18.0,,,,,bulge
ZTF18aaacxgb_2331269465815010005,ZTF18aaacxgb,2331269465815010005,155.7888326,57.0429674,0.13268978893756866,NGC3214,2018L,2018L,SN Ia,2018-01-03 11:21:08.000,17.6,SN 2018L,,,,halo
ZTF18aaksrwg_2382277061915010000,ZTF18aaksrwg,2382277061915010000,212.501942,17.749979,0.257867693901062,IC0983,2017iru,2017iru,,2017-11-29 22:32:09.000,18.58,,,,,spiral
ZTF18acefgxp_2304196445715010000,ZTF18acefgxp,2304196445715010000,123.3324186,57.8568653,0.17297162115573883,UGC04270,2018fht,2018fht,,2018-08-11 18:59:02.000,19.03,,,,,spiral
ZTF18abxheyn_2237149731415010016,ZTF18abxheyn,2237149731415010016,54.4880388,-6.2682156,0.9043123126029968,PGC013394,,,,,,,,,,spiral
ZTF18aaacqmh_2358186272715010003,ZTF18aaacqmh,2358186272715010003,149.5255757,10.359374,0.2044571042060852,NGC3070,2018gl,2018gl,SN Ia,2018-01-13 13:40:47.000,16.9,SN 2018gl,,,,bulge
ZTF18abvfqmw_2266145374315010018,ZTF18abvfqmw,2266145374315010018,71.4259095,-2.4115225,2.930196762084961,NGC1653,,,,,,,,,,bulge
ZTF18abvjyki_2381412060415015006,ZTF18abvjyki,2381412060415015006,340.3131517,23.4129525,2.0469038486480713,IC5242,,,,,,,Gaia DR2 1876173110828904576,0.8561002549605606,0.0005484043136845489,nuclear
ZTF20abylrcm_2367446090415015009,ZTF20abylrcm,2367446090415015009,340.3131608,23.4129523,2.4716811180114746,IC5242,,,,,,,,,,nucleus
ZTF18aamfuss_2379205720115010004,ZTF18aamfuss,2379205720115010004,210.7317834,9.4173481,0.8537386059761047,NGC5424,2017isn,2017isn,,2017-12-03 02:52:48.000,17.63,,,,,halo
ZTF18abpcsio_2230125262415010008,ZTF18abpcsio,2230125262415010008,25.9427178,4.2229536,2.335361957550049,NGC0664,2018dcr,2018dcr,,2018-06-12 02:39:50.000,18.67,,,,,nucleus
ZTF17aabxiwr_2372240894915010001,ZTF17aabxiwr,2372240894915010001,187.4075585,7.8263507,0.3810169994831085,NGC4472,2017jfs,2017jfs,Gap,2017-12-26 03:05:45.000,17.17,SN 2017jfs,,,,spiral
ZTF21aagqcnl_1639198064615015019,ZTF21aagqcnl,1639198064615015019,184.1441892,33.5269189,2.224719285964966,NGC4227,2021biz,2021biz,SN Ia,2021-01-29 13:01:55.200,18.338,,,,,halo
ZTF18abauprj_864233005715010014,ZTF18abauprj,864233005715010014,254.7709798,47.2364671,0.06350062787532806,NGC6279,2018cnw,2018cnw,SN Ia-91T-like,2018-06-15 06:12:57.000,19.53,SN 2018cnw,,,,halo
ZTF19ackjjwf_1127265241415015005,ZTF19ackjjwf,1127265241415015005,120.7083038,15.8011572,1.8141311407089233,NGC2514,2019tls,2019tls,SN Ib,2019-10-26 14:48:28.000,20.46,,,,,spiral
ZTF18abtgnsi_2214152834115010017,ZTF18abtgnsi,2214152834115010017,21.466833,-1.3670994,0.561676025390625,NGC0541,2018ctv,2018ctv,,2018-06-21 04:19:12.000,17.2,SN 2018ctv,,,,spiral
ZTF18abtqomq_2382425521615010000,ZTF18abtqomq,2382425521615010000,12.0225344,-2.7896767,0.3521324396133423,NGC0259,2017jbj,2017jbj,SN II,2017-12-20 11:22:29.000,16.9,SN 2017jbj,,,,spiral
ZTF20abyptpc_1479132190615015000,ZTF20abyptpc,1479132190615015000,354.6708499,15.954941,3.666738271713257,NGC7722,2020ssf,2020ssf,SN Ia,2020-09-06 06:02:44.160,17.94,,,,,bulge
ZTF20aaumpzj_2126534962615010000,ZTF20aaumpzj,2126534962615010000,179.5224652,25.1378505,1.8084957599639893,NGC4005,,,,,,,,,,star
ZTF19aadyppr_944162992515015018,ZTF19aadyppr,944162992515015018,202.4281788,47.1873754,4.252413272857666,NGC5194,2019abn,2019abn,ILRT,2019-01-22 13:19:43.000,19.58,M51 OT2019-1,,,,spiral
ZTF18abvdmfx_2204115960815010015,ZTF18abvdmfx,2204115960815010015,22.6132901,-26.7849163,0.1490778923034668,ESO476-016,2018cvn,2018cvn,SN II,2018-06-26 07:55:12.000,16.7,SN 2018cvn,,,,spiral
ZTF18aahfzea_2361242703615010001,ZTF18aahfzea,2361242703615010001,181.3610967,20.2991504,0.3391425609588623,NGC4090,2018aqh,2018aqh,SN Ia,2018-04-05 10:46:33.000,16.69,SN 2018aqh,,,,spiral
ZTF20abijfqq_2332214782515010002,ZTF20abijfqq,2332214782515010002,186.3508231,18.2035441,0.09581077843904495,NGC4382,2020nlb,2020nlb,SN Ia,2020-06-25 06:01:26.400,17.436,SN 2020nlb,,,,halo
ZTF22abkpgpa_2266145370815015001,ZTF22abkpgpa,2266145370815015001,71.6161898,-4.7893912,2.696033000946045,NGC1659,2022wpy,2022wpy,SN Ia,2022-10-03 06:40:33.888,18.968,,,,,spiral
ZTF19abdktel_2181160854415010020,ZTF19abdktel,2181160854415010020,359.0283626,-0.9118705,0.39470407366752625,IC1516,2018chr,2018chr,,2018-06-04 20:47:02.000,18.79,,,,,spiral
ZTF22aafoqrd_2335277092915015000,ZTF22aafoqrd,2335277092915015000,190.8931034,11.5776218,3.265528440475464,NGC4649,2022hrs,2022hrs,SN Ia,2022-04-16 14:50:40.000,15.0,SN 2022hrs,,,,spiral
ZTF18abdbysy_627141424115015000,ZTF18abdbysy,627141424115015000,233.535919,56.697226,1.8052287101745605,NGC5965,2018cyg,2018cyg,SN II,2018-06-30 07:29:31.000,18.7,SN 2018cyg,,,,spiral
ZTF19aatlmbo_1145434732415015004,ZTF19aatlmbo,1145434732415015004,208.3705617,40.2750708,2.387772560119629,NGC5353 / NGC5354,2019ein,2019ein,SN Ia,2019-05-01 11:22:33.000,18.194,SN 2019ein,,,,halo
ZTF22aaiidyo_2071158365015015004,ZTF22aaiidyo,2071158365015015004,243.1802761,28.3030258,0.7353483438491821,UGC10273,2022jpi,2022jpi,SN IIP,2022-05-09 10:12:56.160,19.5036,,,,,spiral
ZTF19aanhhal_928243783915015000,ZTF19aanhhal,928243783915015000,205.4193422,55.6693685,1.4406754970550537,NGC5278 / NGC5279,2019cec,2019cec,SN II,2019-03-25 06:42:31.000,18.26,,,,,spiral
ZTF18aapifti_2144454321415010002,ZTF18aapifti,2144454321415010002,177.0175659,30.360053,0.2582573890686035,NGC3891,2018bdv,2018bdv,SN IIP,2018-04-29 13:07:40.000,18.53,SN 2018bdv,,,,spiral
ZTF22aanzrlh_2064224896015015013,ZTF22aanzrlh,2064224896015015013,255.8788253,36.4182959,0.3377942442893982,UGC10677,2022mnz,2022mnz,SN Ia,2022-06-11 09:52:45.696,18.6245,,,,,bulge
ZTF19abbwfgp_1016203076015015007,ZTF19abbwfgp,1016203076015015007,258.3253216,43.7846413,4.0185546875,NGC6323,2019ikb,2019ikb,SN II,2019-06-28 10:33:36.000,17.919,,,,,spiral
ZTF21aaabvit_2332219340915010000,ZTF21aaabvit,2332219340915010000,186.6128496,31.2225291,0.9383307695388794,NGC4414,2021J,2021J,SN Ia,2021-01-01 11:44:04.001,17.0899,SN 2021J,,,,bulge
ZTF20abyyvrw_1596185712515015004,ZTF20abyyvrw,1596185712515015004,138.5365264,40.0789299,4.372700214385986,NGC2782,2020scc,2020scc,SN Ia,2020-08-20 21:57:48.960,13.7,SN 2020scc,,,,spiral
ZTF20abxyggc_1503169500215015005,ZTF20abxyggc,1503169500215015005,74.5564552,-20.3584065,3.572033166885376,NGC1716,2020sgg,2020sgg,SN Ia,2020-08-30 14:21:07.200,18.349,,,,,spiral
ZTF22aaptzap_2120294214315015033,ZTF22aaptzap,2120294214315015033,22.9437561,33.6156044,2.69775128364563,NGC0579,2022nzx,2022nzx,SN II,2022-06-29 08:39:50.400,18.55,,,,,bulge
ZTF18acqqyah_2338245034115010004,ZTF18acqqyah,2338245034115010004,171.838212,59.6300996,0.6708469986915588,UGC06452,2018iuu,2018iuu,SN Ia,2018-11-21 10:22:04.000,18.8,SN 2018iuu,,,,spiral
ZTF18aazgfkq_2334277323615010002,ZTF18aazgfkq,2334277323615010002,174.6233998,20.5286061,0.6086100339889526,UGC06609,2018cmk,2018cmk,SN Ia,2018-06-12 23:45:36.000,17.0,SN 2018cmk,,,,bulge
ZTF21abbkefe_1682191443515015007,ZTF21abbkefe,1682191443515015007,239.5399931,12.0438062,1.8605995178222656,IC1149,2021mid,2021mid,SN Ia,2021-05-15 07:34:26.112,19.24,,,,,spiral
ZTF22aafrjnw_1995206704615015008,ZTF22aafrjnw,1995206704615015008,174.2482129,55.1634283,2.319812059402466,NGC3759A,2022hnt,2022hnt,SN IIb,2022-04-14 07:03:21.600,18.08,,,,,spiral
ZTF21aannoix_1616254305215015003,ZTF21aannoix,1616254305215015003,214.5675388,0.8887248,3.5926499366760254,IC0992,2021dwg,2021dwg,SN Ic,2021-02-27 10:05:24.996,18.4405,,,,,spiral
ZTF20aattrkw_1303320015715015003,ZTF20aattrkw,1303320015715015003,251.1881568,22.5134879,0.6688383221626282,UGC10528,2020ekk,2020ekk,SN II,2020-03-11 18:41:05.000,17.4,AT 2020ekk,,,,halo
ZTF21abbomrf_1704216011815015005,ZTF21abbomrf,1704216011815015005,221.3363248,38.7384828,1.4305157661437988,NGC5754,2020ghq,2020ghq,,2020-04-08 12:24:28.800,19.67,,,,,spiral
ZTF19aacgslb_2338275451615010001,ZTF19aacgslb,2338275451615010001,157.3415585,29.5106347,0.09286729991436005,NGC3254,2019np,2019np,SN Ia,2019-01-09 15:57:35.000,17.8,SN 2019np,,,,spiral
ZTF19aaapneh_2349190723215010015,ZTF19aaapneh,2349190723215010015,170.8885386,-8.6512127,0.16586580872535706,NGC3660,2018jlp,2018jlp,SN II,2018-12-04 15:05:45.000,18.732,,,,,spiral
ZTF19acbvpjn_1149331112615015042,ZTF19acbvpjn,1149331112615015042,155.6759522,46.2465302,4.692988872528076,UGC05604,2019qyk,2019qyk,SN Ia,2019-09-25 19:03:07.000,16.0,,,,,spiral
ZTF20ablqacl_2031417075115015008,ZTF20ablqacl,2031417075115015008,1.2598163,-7.1003061,2.7755062580108643,PGC000312,2020izc,2020izc,SN II,2020-05-02 03:43:56.928,17.0,MASTER OT J000502.49-070602.6,,,,spiral
ZTF18aarbiua_2325171670715010000,ZTF18aarbiua,2325171670715010000,146.7085478,16.0402098,1.1880590915679932,UGC05234,,,,,,,,,,spiral
ZTF21aabyifm_1585255560515015003,ZTF21aabyifm,1585255560515015003,187.4117923,9.4965639,3.3210935592651367,PGC041187,2021qv,2021qv,SN Ib/c,2021-01-07 10:44:32.001,19.0763,,,,,spiral
ZTF21aavqphe_1699171466315015004,ZTF21aavqphe,1699171466315015004,224.4378458,6.6240352,4.2211222648620605,UGC09625,2021jvs,2021jvs,SN Ia,2021-04-16 08:43:57.996,18.9906,,,,,spiral
ZTF20aaurgib_1290237520615015006,ZTF20aaurgib,1290237520615015006,249.8854813,66.0375101,1.4492958784103394,NGC6214,2020gpe,2020gpe,SN II,2020-04-12 03:21:49.000,17.0,SN 2020gpe,,,,spiral
ZTF20abqdqyh_1500149782915015002,ZTF20abqdqyh,1500149782915015002,37.1494017,-10.5382749,1.2187598943710327,NGC0945,2020obd,2020obd,SN II,2020-07-06 13:56:38.400,17.316,,,,,spiral
ZTF20abqbzuv_1352176515815015003,ZTF20abqbzuv,1352176515815015003,259.1138477,43.3427661,1.7163214683532715,PGC059984,2020qrz,2020qrz,SN Ia,2020-08-04 05:13:20.640,18.4097,MCG+07-35-058,Gaia DR2 1360402617244350592,,0.0004633681494719636,bulge
ZTF19aatmadu_953181045615015001,ZTF19aatmadu,953181045615015001,222.9840975,51.2647262,1.8239710330963135,IC1074,2019esn,2019esn,,2019-05-05 06:43:55.000,19.9,,,,,spiral
ZTF22aajezaq_2095193923615015019,ZTF22aajezaq,2095193923615015019,271.2626898,56.2670757,2.287795305252075,NGC6562,2022jhq,2022jhq,SN Ia,2022-05-01 09:50:24.000,20.74,,,,,halo
ZTF21aceztiz_1886168345415015005,ZTF21aceztiz,1886168345415015005,83.3407794,-21.9511817,5.810025691986084,NGC1964,2021jad,2021jad,SN Ia,2021-04-11 05:36:57.600,15.419,,,,,spiral
ZTF22abtcsyd_2304196443315015009,ZTF22abtcsyd,2304196443315015009,130.0686625,56.0424029,3.2522382736206055,PGC024376,2022zxt,2022zxt,SN II,2022-11-12 07:42:04.032,18.6251,,,,,spiral
ZTF18acyarki_832409820815015013,ZTF18acyarki,832409820815015013,224.2869206,52.3463016,6.28040885925293,UGC09629,2018kbh,2018kbh,SN Ia,2018-12-10 12:17:16.000,17.66,,,,,halo
ZTF20acwfftd_1538439226315015005,ZTF20acwfftd,1538439226315015005,224.4350562,6.631436,3.7524452209472656,UGC09625,2020acai,2020acai,SN Ia,2020-12-09 13:27:43.998,18.0447,,,,,spiral
ZTF18acusnvl_2266300484015010004,ZTF18acusnvl,2266300484015010004,164.5192223,6.0525296,0.23245869576931,UGC06053,2018jpf,2018jpf,SN II,2018-12-08 14:35:31.000,19.121,SN 2018jpf,,,,spiral
ZTF21acpfndw_1945451374915015023,ZTF21acpfndw,1945451374915015023,188.8151647,72.2330504,1.9344223737716675,UGC07761,2021aeox,2021aeox,SN Ia,2021-11-13 11:41:54.816,19.0351,,,,,spiral
ZTF19acomwca_1144500283515015043,ZTF19acomwca,1144500283515015043,214.4914044,26.421108,2.009596824645996,IC4397,2019hyk,2019hyk,SN II,2019-06-22 08:23:59.000,17.1,AT 2019hyk,,,,spiral
ZTF20aagnbes_1296304832515015007,ZTF20aagnbes,1296304832515015007,267.0937003,54.1510327,2.626837730407715,NGC6479,2020aem,2020aem,SN II,2020-01-18 12:51:34.000,18.52,SN 2020aem,,,,spiral
ZTF19actnwtn_1208184790315015005,ZTF19actnwtn,1208184790315015005,142.3816186,44.4222922,2.219787120819092,PGC026934,2019vdl,2019vdl,SN II,2019-11-18 12:15:45.000,19.0995,,,,,spiral
ZTF19aapvkbx_1498322114715010005,ZTF19aapvkbx,1498322114715010005,180.6501669,41.0503286,1.9829949140548706,UGC07020,2017hat,2017hat,,2017-10-01 11:05:16.000,18.3,,,,,spiral
ZTF21aagtqna_1645345852515015017,ZTF21aagtqna,1645345852515015017,271.3117532,46.8822738,4.8606085777282715,NGC6560,2021brb,2021brb,SN II,2021-02-03 12:21:32.000,18.8747,,,,,spiral
ZTF19abajxet_1127526903515015038,ZTF19abajxet,1127526903515015038,214.4914044,26.421108,2.2321012020111084,IC4397,2019hyk,2019hyk,SN II,2019-06-22 08:23:59.000,17.1,AT 2019hyk,,,,halo
ZTF20aatzhhl_1515373441715015000,ZTF20aatzhhl,1515373441715015000,189.13839,11.2324989,3.1111159324645996,NGC4567,2020fqv,2020fqv,SN IIb,2020-03-31 08:06:55.002,19.0237,SN 2020fqv,,,,spiral
ZTF21aagojfe_1590181465515015023,ZTF21aagojfe,1590181465515015023,142.9734306,35.5516553,0.8837524652481079,PGC027065,2021blp,2021blp,SN Ia,2021-01-31 12:00:00.000,18.088,,,,,halo
ZTF22aanqvyn_2240153244015015004,ZTF22aanqvyn,2240153244015015004,36.3250299,42.0885325,3.834150791168213,NGC0906,2022mia,2022mia,,2022-06-07 11:22:41.376,20.0965,,,,,spiral
ZTF20acxpmow_2074476591015010025,ZTF20acxpmow,2074476591015010025,77.9080833,-20.453673,3.4502227306365967,ESO553-020,,,,,,,,,,halo
ZTF22abnvurz_2361238930515015004,ZTF22abnvurz,2361238930515015004,172.5254707,9.2825459,2.8399221897125244,NGC3705,2022xxf,2022xxf,SN Ic-BL,2022-10-17 20:25:42.000,15.5,,,,,spiral
ZTF19aavhxby_972164713515015010,ZTF19aavhxby,972164713515015010,224.1367435,-2.107219,2.993117570877075,PGC053413,2019fzm,2019fzm,SN Ia,2019-05-27 07:26:24.000,17.2,SN 2019fzm,,,,nucleus
ZTF22aamwznx_2120382685315015001,ZTF22aamwznx,2120382685315015001,31.5115313,29.7923375,3.2362875938415527,UGC01590,2022mbg,2022mbg,SN Ia,2022-06-04 11:16:48.000,16.17,,,,,halo
ZTF21absvlrr_1796209904815015000,ZTF21absvlrr,1796209904815015000,11.9137502,-20.5234899,5.217153072357178,ESO540-025,2021vtq,2021vtq,SN Ia,2021-08-12 09:52:43.104,18.68,,,,,spiral
ZTF22abdondo_2266475171315015019,ZTF22abdondo,2266475171315015019,275.5209597,66.6247606,2.238813638687134,NGC6636,2022sje,2022sje,SN II,2022-08-28 03:51:50.400,18.15,,,,,halo
ZTF22abbkhja_2215266443915015012,ZTF22abbkhja,2215266443915015012,111.7940644,33.8362855,4.330958843231201,NGC2375,2022rmp,2022rmp,SN Ia,2022-08-18 12:07:12.000,19.63,AT 2022rmp,,,,spiral
ZTF21aatyplr_1627208210515015001,ZTF21aatyplr,1627208210515015001,181.6892581,67.165147,2.658829927444458,NGC4108,2021jag,2021jag,SN Ia,2021-04-11 05:48:49.000,18.98,,,,,spiral
ZTF21aaygqix_1655448513415015014,ZTF21aaygqix,1655448513415015014,3.7286806,26.332373,1.3169782161712646,PGC000994,2021kwi,2021kwi,,2021-05-02 11:50:07.002,16.962,,,,,spiral
ZTF21aaaubig_1563181331115015006,ZTF21aaaubig,1563181331115015006,154.2367958,73.396832,2.9198100566864014,NGC3147,2021do,2021do,SN Ic,2021-01-02 10:53:45.600,20.0,,,,,spiral
ZTF20absyium_1439528953215015004,ZTF20absyium,1439528953215015004,240.2394147,70.60534,6.186859607696533,UGC10157,2020rqk,2020rqk,SN Ia,2020-08-19 05:54:14.400,17.942,,,,,spiral
ZTF20abvqzxe_2104357391515010006,ZTF20abvqzxe,2104357391515010006,38.0073629,1.2458988,-999.99,UGC02005,,,,,,,,,,halo
ZTF21aarqkes_1796429461115015003,ZTF21aarqkes,1796429461115015003,154.1624986,73.4002087,1.9290907382965088,NGC3147,2021hpr,2021hpr,SN Ia,2021-04-02 10:46:28.000,17.7,SN 2021hpr,,,,spiral
ZTF23aaejumk_2373280164715015000,ZTF23aaejumk,2373280164715015000,259.4041057,48.6384996,2.176769733428955,PGC060015,2023eyj,2023eyj,SN II,2023-04-08 09:23:02.400,19.59,NVSS J171737+483818,,,,spiral
ZTF21aagqcfs_1617187853215015006,ZTF21aagqcfs,1617187853215015006,176.3494137,20.3254706,5.05253267288208,PGC036639,2021bbz,2021bbz,SN Ia,2021-01-23 05:45:36.000,17.86,,,,,bulge
ZTF18actuhrs_1158504714615015016,ZTF18actuhrs,1158504714615015016,206.6634335,-9.6429524,1.696311354637146,PGC048818,2018evt,2018evt,SN Ia,2018-08-11 00:06:52.000,16.5,Gaia 18dwd,,,,spiral
ZTF21acqstfo_1958178440915015009,ZTF21acqstfo,1958178440915015009,134.1758782,52.1066561,5.202737331390381,UGC04671,2021afsj,2021afsj,SN Ia,2021-11-29 17:13:22.000,16.4,,,,,halo
ZTF18aaiyfjx_2382350102315015022,ZTF18aaiyfjx,2382350102315015022,245.4643617,38.9096385,1.0546627044677734,NGC6131,CRTS J162151.4+385434,,,,,CRTS J162151.4+385434,Gaia DR2 1332330745352881152,0.7753000681422269,0.00030929475013718425,nucleus
ZTF18aanxbqp_2380369442315015009,ZTF18aanxbqp,2380369442315015009,245.4643617,38.9096385,1.2939120531082153,NGC6131,CRTS J162151.4+385434,,,,,CRTS J162151.4+385434,Gaia DR2 1332330745352881152,0.7753000681422269,0.0003755898173760377,nucleus
ZTF20aazqkjm_2074153782515015007,ZTF20aazqkjm,2074153782515015007,233.9713892,39.7684087,1.123856782913208,NGC5966,,,,,,,,,,halo
ZTF21abtcftb_1788288683015015009,ZTF21abtcftb,1788288683015015009,54.8757493,-18.6915553,3.7509028911590576,NGC1400,2021hcz,2021hcz,SN Ia,2021-03-24 23:36:57.600,15.43,,,,,halo
ZTF22aasxgjp_2070194220415015041,ZTF22aasxgjp,2070194220415015041,227.2837484,52.5345644,1.3115631341934204,NGC5875,2022oqm,2022oqm,SN Ic-pec,2022-07-11 04:33:36.000,17.3228,SN 2022oqm,,,,spiral
ZTF20aahqbsr_1244264472415015002,ZTF20aahqbsr,1244264472415015002,225.4772661,25.9657706,2.712557315826416,NGC5827,2020aqy,2020aqy,SN II,2020-01-24 10:40:30.000,19.0241,,,,,spiral
ZTF23aajrmfh_2372241361715015001,ZTF23aajrmfh,2372241361715015001,189.1350395,11.2217889,1.6013976335525513,NGC4567,2023ijd,2023ijd,SN II,2023-05-14 04:48:00.000,16.8,,,,,spiral
ZTF20aaumsrr_1279197924315015003,ZTF20aaumsrr,1279197924315015003,185.0151571,5.3439575,3.0381546020507812,NGC4273,2020ftl,2020ftl,SN Ia,2020-04-02 06:23:46.000,18.5,,,,,halo
ZTF23aahfxpr_2382357822415015010,ZTF23aahfxpr,2382357822415015010,231.1870202,68.7264509,2.9197967052459717,NGC5939,2023gps,2023gps,SN Ia,2023-04-23 07:15:18.996,20.0056,,,,,spiral
ZTF20aanwkse_2218232261015010036,ZTF20aanwkse,2218232261015010036,77.9080833,-20.453673,2.633471965789795,ESO553-020,,,,,,,,,,halo
ZTF22aaayewi_1949267024715015004,ZTF22aaayewi,1949267024715015004,144.7003326,48.5738209,5.711571216583252,PGC027503,2022blw,2022blw,SN Ia,2022-02-05 12:57:36.000,17.1,ASASSN -22bo,,,,halo
ZTF21aaqhhfu_1608233533215015008,ZTF21aaqhhfu,1608233533215015008,183.042384,13.2481977,3.8892464637756348,NGC4168,2021gno,2021gno,SN Ib,2021-03-20 05:38:54.240,18.2017,AT 2021gno,,,,spiral
ZTF19abdrwsz_1023191845915015016,ZTF19abdrwsz,1023191845915015016,333.6833222,13.8633657,5.415360450744629,NGC7236,2019krv,2019krv,SN Ia,2019-07-07 10:56:38.000,18.383,,,,,halo
ZTF20abqwkxs_1341162480815015009,ZTF20abqwkxs,1341162480815015009,224.8693238,73.898543,1.142065405845642,NGC5836,2020afdi,2020afdi,,2020-08-09 04:53:28.320,20.12,,,,,spiral
ZTF20abjwdnj_1451428031515015005,ZTF20abjwdnj,1451428031515015005,163.2822382,37.4327964,2.675325870513916,UGC06002,2020oel,2020oel,,2020-07-03 04:17:02.400,19.6351,,,,,spiral
ZTF19aagmsrr_908205600715015002,ZTF19aagmsrr,908205600715015002,159.4091869,37.4589199,3.3423261642456055,NGC3304,2019aik,2019aik,SN Ia,2019-01-30 22:06:01.000,18.6,,,,,spiral
ZTF22aaafgwq_1942241744715015002,ZTF22aaafgwq,1942241744715015002,144.7003279,48.5766982,5.0570807456970215,PGC027503,2022blw,2022blw,SN Ia,2022-02-05 12:57:36.000,17.1,ASASSN -22bo,,,,halo
ZTF20acwuijb_2143314740015010017,ZTF20acwuijb,2143314740015010017,67.8732139,-5.0782709,0.9458317756652832,NGC1600,,,,,,,,,,halo
ZTF22abjpkho_2117399020415010005,ZTF22abjpkho,2117399020415010005,54.7695094,-26.4590481,8.945335388183594,NGC1398,,,,,,,,,,halo
ZTF19abuejud_1145532523715015009,ZTF19abuejud,1145532523715015009,225.3903712,49.1098427,2.0272045135498047,PGC053658,2019pig,2019pig,SN Ia,2019-09-03 03:20:09.000,16.642,AT 2019pig,,,,spiral
ZTF22aahhtah_2125524582615010000,ZTF22aahhtah,2125524582615010000,179.5139514,25.1377903,2.027909517288208,NGC4005,,,,,,,,,,star
ZTF23aafgazi_2329197192615015002,ZTF23aafgazi,2329197192615015002,185.4476455,10.5914973,1.8242740631103516,IC3199,2023fot,2023fot,SN Ia-91bg-like,2023-04-14 03:39:38.592,19.104,,,,,halo
ZTF21abcgymx_1680472123115015003,ZTF21abcgymx,1680472123115015003,16.8893522,39.3986272,3.8439295291900635,UGC00690,2021ncm,2021ncm,,2021-05-18 11:37:19.200,19.358,,,,,spiral
ZTF20aattotq_1237300694115015019,ZTF20aattotq,1237300694115015019,217.1335424,27.4093901,4.013729572296143,NGC5635,2020fcw,2020fcw,SN Ia,2020-03-28 10:29:16.800,16.29,AT 20fcw,,,,bulge
ZTF22abiupzw_2156465195515015010,ZTF22abiupzw,2156465195515015010,145.6333287,7.1005611,2.084697961807251,PGC027754,2022waq,2022waq,SN IIn,2022-09-27 12:26:11.996,17.8405,,,,,spiral
ZTF22aaxbape_2128293175715015003,ZTF22aaxbape,2128293175715015003,28.3107278,-13.7412817,1.9464603662490845,NGC0720,2022ooh,2022ooh,SN II,2022-07-08 14:17:19.104,18.22,,,,,bulge
ZTF22aapubaf_2156172632715015017,ZTF22aapubaf,2156172632715015017,15.5405575,-4.2347137,2.4826412200927734,NGC0352,2022jzx,2022jzx,SN II,2022-05-16 09:51:33.984,16.888,,,,,spiral
ZTF23aamgeom_2379453094715015003,ZTF23aamgeom,2379453094715015003,21.1147158,33.8006656,3.8856685161590576,NGC0513,2023jpp,2023jpp,SN Ia,2023-05-28 11:23:14.208,17.5749,,,,,spiral
ZTF22abqyope_2126251550615010012,ZTF22abqyope,2126251550615010012,16.2454971,-27.4496421,6.710453987121582,IC1616,,,,,,,,,,halo
ZTF18aasvfsv_2326267966115010005,ZTF18aasvfsv,2326267966115010005,184.960765,29.6146489,2.4343461990356445,NGC4274,,,,,,,,,,bulge
ZTF21abclmdl_1717472254015015009,ZTF21abclmdl,1717472254015015009,114.4058367,41.95105,2.694660186767578,UGC03933,2021wde,2021wde,SN IIP,2021-08-16 11:58:21.996,19.1062,,,,,spiral
ZTF19aaugvvz_2323226504015010002,ZTF19aaugvvz,2323226504015010002,184.5141319,-1.0509227,0.11712463945150375,NGC4202,2017igg,2017igg,,2017-11-09 15:20:09.000,17.177,,,,,halo
ZTF18acbzvpg_740450786315015004,ZTF18acbzvpg,740450786315015004,170.0002226,36.1000668,3.3422279357910156,UGC06338,2018iby,2018iby,SN IIb,2018-11-01 12:58:18.000,19.0274,,,,,spiral
ZTF21aagtqug_1554388501715015009,ZTF21aagtqug,1554388501715015009,250.8363301,61.5948185,-999.99,NGC6223,2021bls,2021bls,SN Ia-91bg-like,2021-02-01 13:24:57.600,17.365,,,,,halo
ZTF21aadoizf_1574180973815015001,ZTF21aadoizf,1574180973815015001,108.6122394,84.3803949,2.092841863632202,NGC2268,2021aai,2021aai,SN II,2021-01-12 07:49:34.997,18.7548,SN 2021aai,,,,spiral
ZTF23aabntjw_2351220871115015015,ZTF23aabntjw,2351220871115015015,172.7873674,22.7713028,1.8516700267791748,NGC3710,2023bbp,2023bbp,SN Ia,2023-01-28 09:09:55.296,19.6751,,,,,halo
ZTF23aackjhs_2345242624215015004,ZTF23aackjhs,2345242624215015004,147.7329399,33.5536982,2.746208429336548,NGC3021,1995al,1995al,SN Ia,1995-11-01 00:00:00.000,13.0,SN 1995al,,,,spiral
ZTF19acyndbj_1140513002315015001,ZTF19acyndbj,1140513002315015001,232.6325444,82.4488941,-999.99,IC1143,2019tfk,2019tfk,SN Ia,2019-10-24 04:58:04.000,18.677,,,,,halo
ZTF22aattfmb_2123124682515015002,ZTF22aattfmb,2123124682515015002,271.3048432,46.880976,1.8210864067077637,NGC6560,2022oyp,2022oyp,SN II,2022-07-17 05:24:48.004,19.6437,,,,,spiral
ZTF18aahstvb_1885280712615010002,ZTF18aahstvb,1885280712615010002,172.4606358,24.9211928,7.259228229522705,UGC06496,,,,,,,,,,star
ZTF23aangpoz_2367469311515015029,ZTF23aangpoz,2367469311515015029,34.5511333,37.0915988,3.875279664993286,UGC01769,2023kfl,2023kfl,,2023-06-08 11:18:33.408,17.3813,,,,,spiral
ZTF19abkfqqp_1108193665015015003,ZTF19abkfqqp,1108193665015015003,49.4687613,-7.30346,2.9189443588256836,NGC1285,2019knu,2019knu,SN II,2019-07-05 09:36:00.000,17.0,SN 2019knu,,,,spiral
ZTF19aaqxosb_938194991215015013,ZTF19aaqxosb,938194991215015013,206.7156797,16.2815083,0.37919339537620544,NGC5293,2019dok,2019dok,SN II,2019-04-18 06:28:48.000,18.54,,,,,spiral
ZTF21abxtfwo_1789197713615015000,ZTF21abxtfwo,1789197713615015000,354.993617,-22.7883991,3.663898229598999,PGC072063,2021xwg,2021xwg,SN IIn,2021-09-04 08:33:17.004,18.3231,,,,,bulge
ZTF20acounxo_1502397620515015012,ZTF20acounxo,1502397620515015012,178.4605322,-5.1711893,2.497297525405884,IC2974,2020aatv,2020aatv,SN IIn,2020-11-20 11:36:30.004,19.6258,,,,,spiral
ZTF18abakqjf_2347186504815010007,ZTF18abakqjf,2347186504815010007,182.9973416,15.4012665,2.058614492416382,UGC07196,,,,,,,,,,nucleus
ZTF22aadnqsf_2009192401115015015,ZTF22aadnqsf,2009192401115015015,201.9869819,-13.416938,1.654191493988037,PGC047198,2022frq,2022frq,SN II,2022-04-02 08:30:50.996,18.8276,,,,,spiral
ZTF22aaganrm_2011232321115015006,ZTF22aaganrm,2011232321115015006,201.9869819,-13.416938,1.803227186203003,PGC047198,2022frq,2022frq,SN II,2022-04-02 08:30:50.996,18.8276,,,,,spiral
ZTF19aaskdph_2349234622915010002,ZTF19aaskdph,2349234622915010002,190.9165283,11.5526677,2.0991714000701904,NGC4649,,,,,,,,,,nucleus
ZTF22ablnrcv_2182430591915015001,ZTF22ablnrcv,2182430591915015001,144.8254524,32.3107638,5.803201198577881,NGC2944 / PGC027534,2022xav,2022xav,SN II,2022-10-06 11:22:33.600,18.8,,,,,spiral
ZTF19acryurj_1137111823115015011,ZTF19acryurj,1137111823115015011,13.5944366,31.6699893,3.426659345626831,UGC00548,2019ust,2019ust,SN II,2019-11-13 06:57:23.000,19.22,,,,,spiral
ZTF21aasuego_1571274824015015001,ZTF21aasuego,1571274824015015001,195.3899658,27.8319474,4.505518436431885,NGC4923,2021inl,2021inl,SN Ib-pec,2021-04-07 05:43:42.997,19.4884,AT 2021inl,,,,halo
ZTF23aablgzj_2351269503215015021,ZTF23aablgzj,2351269503215015021,232.5068224,12.9880468,2.159553050994873,NGC5936,2023awp,2023awp,SN IIn,2023-01-27 10:48:00.000,19.58,,,,,spiral
ZTF20aaophpu_1209172434015015009,ZTF20aaophpu,1209172434015015009,120.2058467,27.4989431,2.2244386672973633,IC2217,2020cvy,2020cvy,SN II,2020-02-19 04:34:09.000,19.16,,,,,spiral
ZTF22abnqomh_2159139233015015017,ZTF22abnqomh,2159139233015015017,264.7348469,74.8311763,4.040025234222412,UGC10949,2022ydr,2022ydr,SN Ia,2022-10-18 05:19:40.800,20.32,,,,,halo
ZTF19adcfsad_1160404944015015001,ZTF19adcfsad,1160404944015015001,186.112505,13.2330382,1.1823171377182007,PGC040372,2019yvs,2019yvs,SN Ib/c,2019-12-28 13:24:57.000,18.781,,,,,spiral
ZTF20abvqykd_1424273991115010025,ZTF20abvqykd,1424273991115010025,39.8350884,1.1113043,7.064288139343262,NGC1032,,,,,,,,,,halo
ZTF19acmbcxo_1777465382115015032,ZTF19acmbcxo,1777465382115015032,130.8762597,3.6075978,2.329805612564087,UGC04553,,,,,,,,,,bulge
ZTF22abivkuq_2140142386315015007,ZTF22abivkuq,2140142386315015007,258.3481451,42.8984824,0.9123997688293457,UGC10765,2022wgj,2022wgj,SN Ia,2022-09-29 05:30:04.608,19.095,,,,,spiral
ZTF19acxxwrs_1121289462715015010,ZTF19acxxwrs,1121289462715015010,166.1532081,45.977773,2.5071444511413574,UGC06136,2019wep,2019wep,SN II-pec,2019-12-07 23:16:30.000,18.2,SN 2019wep,,,,spiral
ZTF22abtdbnx_2225453194515015014,ZTF22abtdbnx,2225453194515015014,174.6366815,-1.1817341,6.212583065032959,UGC06608,2022zvr,2022zvr,SN Ia,2022-11-10 12:42:49.000,17.6804,,,,,spiral
ZTF22aaaowlo_1999208743315015076,ZTF22aaaowlo,1999208743315015076,208.5609774,-1.4441562,4.612517833709717,NGC5345,2022ces,2022ces,SN II,2022-02-12 14:23:02.112,18.57,,,,,spiral
ZTF23aabtgej_2323170302515015012,ZTF23aabtgej,2323170302515015012,134.0462977,-3.3257743,7.69968843460083,NGC2708,2023bee,2023bee,SN Ia,2023-02-01 17:59:54.816,17.2621,AT 2023bee,,,,spiral
ZTF19aatesgp_925202891015015002,ZTF19aatesgp,925202891015015002,185.7331391,15.8264653,3.109044075012207,NGC4321,2019ehk,2019ehk,SN Ib,2019-04-29 22:27:50.000,16.5,SN 2019ehk,,,,spiral
ZTF20aaaxftt_1445454670815010016,ZTF20aaaxftt,1445454670815010016,134.7027923,-4.9048249,1.2284576892852783,NGC2721,,,,,,,,,,halo
ZTF22abjvyib_2170170522415015016,ZTF22abjvyib,2170170522415015016,354.4694693,-3.4900751,3.7578492164611816,PGC071954,2022wsr,2022wsr,SN II,2022-10-02 06:27:21.600,17.86,,,,,spiral
ZTF18aanbylk_2217388636115015013,ZTF18aanbylk,2217388636115015013,218.0234714,57.9214275,1.7401621341705322,NGC5678,[ZBF2015] NGC5678  77,,,,,[ZBF2015] NGC5678  77,,,,nucleus
ZTF21acjeegy_1796226730915015007,ZTF21acjeegy,1796226730915015007,14.4806396,-5.1304067,4.834128379821777,NGC0327,2021aclv,2021aclv,SN Ia,2021-10-30 05:08:09.600,17.28,,,,,spiral
ZTF22abfpgcn_2160385530115015000,ZTF22abfpgcn,2160385530115015000,81.6939214,-19.205474,2.5505549907684326,ESO553-044,2022svt,2022svt,SN II,2022-09-02 01:55:04.224,18.543,,,,,spiral
ZTF19aahygro_852168445815015000,ZTF19aahygro,852168445815015000,159.1506061,-7.10903,1.4856048822402954,PGC031470,2019axg,2019axg,SN Ia,2019-02-14 11:36:57.000,18.081,,,,,spiral
ZTF21abbyhvw_1631225060615015016,ZTF21abbyhvw,1631225060615015016,166.9938049,36.8750029,2.926443576812744,PGC033720,2021mry,2021mry,SN Iax[02cx-like],2021-05-19 04:39:46.656,19.5,,,,,spiral
ZTF20actnzzk_1522355412015015004,ZTF20actnzzk,1522355412015015004,186.415455,-2.9497537,1.2882580757141113,PGC040561,2020abbi,2020abbi,SN II,2020-11-24 12:37:57.003,18.0985,,,,,spiral
ZTF18abcpmwh_748553590215015015,ZTF18abcpmwh,748553590215015015,194.7881095,37.316319,1.0866332054138184,NGC4868,2018cur,2018cur,SN IIP,2018-06-22 08:16:47.000,17.333,SN 2018cur,,,,spiral
ZTF23aaakein_2231220692615015007,ZTF23aaakein,2231220692615015007,121.8529037,39.19379,1.6470144987106323,NGC2528,2023jo,2023jo,SN IIn,2023-01-13 11:18:35.136,17.515,,,,,bulge
ZTF19aceipbz_2328469364815015005,ZTF19aceipbz,2328469364815015005,5.2951371,22.3571828,1.5136756896972656,NGC0080,NGC    80,,,,,NGC    80,,,,nucleus
ZTF18acrcogn_760113666215015000,ZTF18acrcogn,760113666215015000,40.6722593,-0.0094927,2.368271589279175,NGC1068,2018ivc,2018ivc,SN II,2018-11-24 01:47:09.000,14.6523,SN 2018ivc,Gaia DR2 2498700788995289600,,0.0004057027130983418,spiral
ZTF22aafznpn_1979225154215015011,ZTF22aafznpn,1979225154215015011,162.7417299,-2.1503413,3.7752268314361572,IC0651,2022erw,2022erw,SN Ia,2022-03-12 09:04:45.984,19.251,,,,,spiral
ZTF19aabmuyd_2299237714815010001,ZTF19aabmuyd,2299237714815010001,134.2468915,51.3474801,2.6907169818878174,NGC2693,,,,,,,,,,bulge
ZTF22aaftfcf_1979213296015015020,ZTF22aaftfcf,1979213296015015020,169.5026962,7.8460339,1.607779860496521,UGC06312,2022eyj,2022eyj,SN Ia,2022-03-22 07:26:24.000,16.1,ASASSN -22dt,,,,spiral
ZTF21aaydxoo_1624235323115015013,ZTF21aaydxoo,1624235323115015013,203.9497534,2.9994347,1.420973300933838,NGC5231,2021kwc,2021kwc,SN IIn,2021-05-02 06:34:37.998,18.4489,,,,,spiral
ZTF19aamsetj_864264083815015004,ZTF19aamsetj,864264083815015004,137.1783734,44.8134131,2.711587429046631,UGC04798,2019cad,2019cad,SN Ic,2019-03-17 05:42:43.000,18.75,,,,,spiral
ZTF18acbvgqw_1127151433315010004,ZTF18acbvgqw,1127151433315010004,46.5124381,-15.6111512,1.2530882358551025,NGC1209,2018htt,2018htt,SN Ia,2018-10-31 08:28:19.000,17.5,NGC  1209,,,,bulge
ZTF18adbckhw_786130213315015001,ZTF18adbckhw,786130213315015001,46.5124381,-15.6111512,1.9767342805862427,NGC1209,2018htt,2018htt,SN Ia,2018-10-31 08:28:19.000,17.5,SN 2018htt,,,,nucleus
ZTF21acpqqgu_1886389520415015002,ZTF21acpqqgu,1886389520415015002,151.0269996,31.1845182,2.982480764389038,NGC3106,2021aewn,2021aewn,SN II,2021-11-18 14:44:09.600,18.658,,,,,halo
ZTF22aaddorn_1972214066015015026,ZTF22aaddorn,1972214066015015026,169.5029637,7.8461664,2.67849063873291,UGC06312,2022eyj,2022eyj,SN Ia,2022-03-22 07:26:24.000,16.1,ASASSN -22dt,,,,spiral
ZTF21aaqzfpe_1592387453615015002,ZTF21aaqzfpe,1592387453615015002,182.4453738,56.526786,2.7816250324249268,UGC07144,2021htq,2021htq,,2021-03-31 06:45:18.144,19.587,,,,,spiral
ZTF21abgyxmv_1743298090215015009,ZTF21abgyxmv,1743298090215015009,349.7328442,-20.6994721,3.7731103897094727,ESO604-011,2021knb,2021knb,SN II,2021-04-25 04:37:55.200,18.15,,,,,spiral
ZTF20aaurjcd_1216391261815015007,ZTF20aaurjcd,1216391261815015007,221.3338571,38.7384701,3.392294406890869,NGC5754,2020ghq,2020ghq,,2020-04-08 12:24:28.800,19.67,,,,,spiral
ZTF19aavrvfo_907227162915015005,ZTF19aavrvfo,907227162915015005,192.6815497,25.6094054,8.997149467468262,NGC4725,2019hfg,2019hfg,,2019-06-02 05:58:50.000,19.84,,,,,halo
ZTF20aajxdme_1972191422115010002,ZTF20aajxdme,1972191422115010002,196.0652439,-10.3372811,0.08034371584653854,NGC4939,[EKS96] NGC 4939  40,,,,,[EKS96] NGC 4939  40,,,,spiral
ZTF19aailcgs_854215481615015006,ZTF19aailcgs,854215481615015006,162.9288045,18.4830695,8.042791366577148,NGC3426,2019ape,2019ape,SN Ic,2019-02-05 09:27:21.000,18.57,SN 2019ape,,,,halo
ZTF22aanzbru_2075421290915015017,ZTF22aanzbru,2075421290915015017,352.9717405,-5.0120527,2.1860604286193848,IC1498,2022mmr,2022mmr,SN II,2022-06-10 10:13:44.000,20.2819,,,,,spiral
ZTF21aakazqv_2266212262215015002,ZTF21aakazqv,2266212262215015002,137.237635,53.8915588,2.317415237426758,NGC2756,,,,,,,,,,nucleus
ZTF22abzkgja_2349184834015015015,ZTF22abzkgja,2349184834015015015,174.1997058,-8.5876102,1.5806442499160767,PGC035934,2022adpu,2022adpu,SN Ia,2022-12-19 11:32:50.004,17.8379,,,,,spiral
ZTF19acrichx_1158399090015015007,ZTF19acrichx,1158399090015015007,184.9277474,-12.225052,3.2336275577545166,NGC4263,2019voo,2019voo,SN Ia,2019-11-25 14:42:43.000,16.938,AT 2019voo,,,,bulge
ZTF22abqajav_2306435894915015003,ZTF22abqajav,2306435894915015003,266.666436,51.2884509,3.3649933338165283,UGC10984,2022yqv,2022yqv,SN Ia-91T-like,2022-10-25 02:48:21.024,19.7034,,,,,spiral
ZTF20aarbget_1279196525715015000,ZTF20aarbget,1279196525715015000,204.9873669,0.8273307,2.9868991374969482,NGC5257 / NGC5258,2020dko,2020dko,SN Ia,2020-02-25 11:58:53.999,19.1517,,,,,spiral
ZTF20acgiglu_1448262071515015032,ZTF20acgiglu,1448262071515015032,34.5461727,37.0978019,2.1910626888275146,UGC01769,2020urc,2020urc,SN IIb,2020-10-02 06:56:01.997,19.2442,,,,,bulge
ZTF21aciiaio_1947215524415015010,ZTF21aciiaio,1947215524415015010,170.4064882,20.1503717,1.2556192874908447,NGC3646,2021abqs,2021abqs,SN II,2021-10-17 12:43:25.997,19.7848,,,,,spiral
ZTF22abulusd_2218299513515015030,ZTF22abulusd,2218299513515015030,138.8139258,11.8850262,1.5407639741897583,IC0530,2022aatx,2022aatx,SN II,2022-11-19 10:39:21.600,17.87,,,,,spiral
ZTF21acincqb_1788258310115015002,ZTF21acincqb,1788258310115015002,10.8997123,30.5936745,4.811596393585205,NGC0233,2021abzd,2021abzd,SN Ia-91bg-like,2021-10-22 10:01:55.200,17.305,,,,,halo
ZTF21aazieut_1633197783315015005,ZTF21aazieut,1633197783315015005,176.1919448,20.1260565,2.840341329574585,UGC06719,2021low,2021low,SN Ia,2021-05-06 05:35:31.200,19.86,,,,,spiral
ZTF21aaqvsvw_1584183182515015010,ZTF21aaqvsvw,1584183182515015010,119.9467329,25.3559322,0.9829553961753845,IC0482,2021heh,2021heh,SN IIb,2021-03-28 05:08:09.600,17.51,,,,,spiral
ZTF18acsyzca_785127962115015003,ZTF18acsyzca,785127962115015003,51.5089029,-17.5630526,-999.99,NGC1329,2018jky,2018jky,SN Ia,2018-12-05 03:36:00.000,17.7,SN 2018jky,,,,halo
ZTF19aahjhoy_813328475915015009,ZTF19aahjhoy,813328475915015009,184.8795643,49.8153009,4.020123481750488,UGC07367,2019arb,2019arb,SN Ia,2019-02-08 11:07:40.000,16.56,,,,,bulge
ZTF21aahdqrg_1558272601515015006,ZTF21aahdqrg,1558272601515015006,172.0709532,-12.8882783,0.7702164053916931,IC2856,2021bwq,2021bwq,SN Ic,2021-02-05 08:32:58.998,18.6966,,,,,spiral
ZTF21aajxkfu_1614227673715015016,ZTF21aajxkfu,1614227673715015016,206.1019978,5.7893311,0.7916674613952637,UGC08689,2021mjz,2021mjz,,2021-04-12 07:21:30.240,20.6547,,,,,halo
ZTF20abaunmw_1291207740715015003,ZTF20abaunmw,1291207740715015003,197.9157252,22.9145088,4.6395487785339355,NGC5012,2020kyg,2020kyg,SN Iax[02cx-like],2020-05-24 09:15:50.400,19.79,SN 2020kyg,,,,spiral
ZTF22aaaiyip_1886391445915015023,ZTF22aaaiyip,1886391445915015023,159.0849553,21.0244316,3.9479260444641113,PGC031434,2022amg,2022amg,SN Ic,2022-01-27 11:17:23.000,20.3,,,,,spiral
ZTF20abaszgh_1255184732615015022,ZTF20abaszgh,1255184732615015022,164.8660385,46.1248946,1.3327038288116455,NGC3478,2020ksa,2020ksa,SN Ib,2020-05-22 04:18:34.848,18.8,,,,,spiral
ZTF18abvlvnq_2145247453015010007,ZTF18abvlvnq,2145247453015010007,29.716543,-11.5146478,2.2247960567474365,NGC0773,,,,,,,,,,spiral
ZTF20abnlyrc_2370453311515015014,ZTF20abnlyrc,2370453311515015014,344.8605751,15.548346,1.3159176111221313,NGC7442,NGC  7442,,,,,NGC  7442,Gaia DR2 2816795550224638720,,0.0003492941180013526,nucleus
ZTF23aaiyexs_2349196883415015020,ZTF23aaiyexs,2349196883415015020,167.1460539,4.8146345,0.6379234194755554,NGC3535,2023hrn,2023hrn,SN Ia,2023-05-08 02:02:30.912,18.43,,,,,spiral
ZTF19aavhvkd_918199471015015004,ZTF19aavhvkd,918199471015015004,154.8481114,44.4088744,3.1554994583129883,PGC030167,2019fma,2019fma,SN Ia,2019-05-15 07:22:04.000,20.69,,,,,halo
ZTF17aabvhms_2382425981115010011,ZTF17aabvhms,2382425981115010011,5.1146223,0.8336019,0.6517998576164246,NGC0078B,NGC    78,,,,,NGC    78,Gaia DR2 2547076792357711104,,0.00013325733665660723,nucleus
ZTF19aczabju_1081127186115010008,ZTF19aczabju,1081127186115010008,5.1146206,0.8335506,2.2330920696258545,NGC0078B,,,,,,,,,,nucleus
ZTF18aavmsut_1434511640615015006,ZTF18aavmsut,1434511640615015006,187.436562,7.8774902,1.559239149093628,NGC4472,,,,,,,,,,bulge
ZTF19aaafica_757448554015015000,ZTF19aaafica,757448554015015000,195.0581872,27.9572023,7.37864351272583,NGC4884,2019be,2019be,SN Ia-91bg-like,2019-01-02 15:02:52.000,18.432,SN 2019be,,,,halo
ZTF18abosyns_2364469276115010006,ZTF18abosyns,2364469276115010006,27.7005009,36.2455073,0.6757259964942932,UGC01308,CRTS J015048.2+361442,,,,,CRTS J015048.2+361442,Gaia DR2 342349236119076480,,0.0001492427726952066,nucleus
ZTF19abpohla_1419284536115025018,ZTF19abpohla,1419284536115025018,27.7005113,36.2455127,2.3092849254608154,UGC01308,,,,,,,Gaia DR2 342349236119076480,,0.00045447540789330125,bulge
ZTF20acvevsn_1471412594415015013,ZTF20acvevsn,1471412594415015013,170.4200558,20.1743314,3.206669569015503,NGC3646,2020abqw,2020abqw,SN II,2020-12-05 12:14:03.998,19.2155,,,,,spiral
ZTF18ackaxnw_732101240815015016,ZTF18ackaxnw,732101240815015016,7.8351861,30.7925531,3.434180736541748,NGC0140,2018iya,2018iya,,2018-11-13 06:25:18.000,18.9878,,,,,bulge
ZTF21acgumnf_1778463922315015009,ZTF21acgumnf,1778463922315015009,139.0893914,17.7287382,3.2057528495788574,NGC2797,2021aasl,2021aasl,,2021-10-06 14:39:50.400,17.906,,,,,spiral
ZTF21aciwixf_1784237332915015004,ZTF21aciwixf,1784237332915015004,9.0949384,-10.0961228,-999.99,NGC0165,2021acnz,2021acnz,SN Ib,2021-10-26 09:30:14.400,19.221,,,,,halo
ZTF23aaaifls_2238148210215015009,ZTF23aaaifls,2238148210215015009,55.554306,-27.8713648,0.44962796568870544,ESO419-003,2023cr,2023cr,SN II,2023-01-08 11:03:39.000,17.7,,,,,spiral
ZTF22acancjn_2217324435715015005,ZTF22acancjn,2217324435715015005,122.5289773,57.8348781,2.2985284328460693,PGC022914,2022adyl,2022adyl,,2022-12-23 09:27:45.999,19.6818,,,,,spiral
ZTF23aajkaka_2379383341915015007,ZTF23aajkaka,2379383341915015007,322.7535895,-3.9824934,3.1808128356933594,PGC066884,2023gkb,2023gkb,SN II,2023-04-22 09:16:37.920,18.75,,,,,spiral
ZTF18acusueb_768545775215015022,ZTF18acusueb,768545775215015022,230.3708048,15.1375357,6.0582804679870605,PGC054797,2018kfs,2018kfs,SN Ia,2018-12-09 13:13:26.000,16.3,,,,,halo
ZTF18aawxczi_2336181304615010006,ZTF18aawxczi,2336181304615010006,161.9565873,12.5816395,1.7990148067474365,NGC3379,M 105,,,,,M 105,,,,bulge
ZTF21aamksyl_2120530594615010001,ZTF21aamksyl,2120530594615010001,161.9565873,12.5816395,2.0007283687591553,NGC3379,,,,,,,,,,nucleus
ZTF19aaptzar_1092456183115010019,ZTF19aaptzar,1092456183115010019,149.7503148,17.8181832,3.4303929805755615,IC0582,2019dfa,2019dfa,SN Ia,2019-04-10 08:16:47.000,18.76,SN 2019dfa,,,,spiral
ZTF20aasdpxi_1218185861715015008,ZTF20aasdpxi,1218185861715015008,118.5749994,54.2567796,2.380384683609009,UGC04074,2020dzo,2020dzo,,2020-03-04 03:45:01.996,20.2159,,,,,spiral
ZTF18abwxrhi_733106244615015008,ZTF18abwxrhi,733106244615015008,12.677582,-1.9016297,1.4786286354064941,NGC0271,2018gzz,2018gzz,,2018-09-30 09:15:40.000,19.3,,,,,halo
ZTF20aasxhou_2002189422515010008,ZTF20aasxhou,2002189422515010008,212.8230349,-25.0362576,1.3003698587417603,ESO511-007,2019bwa,2019bwa,SN Ib-pec,2019-03-17 12:34:33.000,17.614,AT 2019bwa,,,,bulge
ZTF22aabhobj_1875202665315015000,ZTF22aabhobj,1875202665315015000,31.5148215,29.8168838,2.114391803741455,UGC01590,,,,,,,,,,bulge
ZTF23aamqycj_2382198142415015008,ZTF23aamqycj,2382198142415015008,202.8424176,25.6172906,1.7185068130493164,PGC047543,2023jvi,2023jvi,SN II,2023-06-02 06:13:00.002,18.6265,,,,,spiral
ZTF18acuswcm_1261212172215010004,ZTF18acuswcm,1261212172215010004,213.6349054,3.1892537,1.1513350009918213,IC0988,2018qp,2018qp,SN Ia,2018-02-09 15:36:00.000,16.3,SN 2018qp,,,,bulge
ZTF22aaanfjh_1940231656015015013,ZTF22aaanfjh,1940231656015015013,175.5588829,-13.8686566,4.105076313018799,NGC3823,2022aoe,2022aoe,SN Ia,2022-01-27 14:06:43.200,18.46,,,,,halo
ZTF22abwtqeb_2239360533115015006,ZTF22abwtqeb,2239360533115015006,175.8748943,3.390266,2.3664820194244385,PGC036440,2022abto,2022abto,SN Ic,2022-11-23 11:15:21.600,17.24,,,,,spiral
ZTF23aadogbi_2267281054715010009,ZTF23aadogbi,2267281054715010009,154.4884426,41.114321,2.1466360092163086,NGC3179,,,,,,,,,,spiral
ZTF19aanwzlo_1602195095315010004,ZTF19aanwzlo,1602195095315010004,182.024595,65.1743596,1.8537787199020386,NGC4125,,,,,,,,,,bulge
ZTF23aaklqou_2381241502515015010,ZTF23aaklqou,2381241502515015010,210.9124672,54.3113599,3.840106964111328,NGC5457,2023ixf,2023ixf,SN II,2023-05-19 17:27:15.000,14.9,,,,,spiral
ZTF21acopxey_2302158876115010006,ZTF21acopxey,2302158876115010006,125.3512054,-13.3178655,1.0616426467895508,NGC2578,NGC  2578,,,,,NGC  2578,Gaia DR2 5723882544351539968,,0.000328829382210339,nucleus
ZTF23aaaxgsh_2298168646115010002,ZTF23aaaxgsh,2298168646115010002,125.3512054,-13.3178655,1.8374582529067993,NGC2578,NGC  2578,,,,,NGC  2578,,,,bulge
ZTF23aagqyym_2343185311415015000,ZTF23aagqyym,2343185311415015000,136.8253172,37.5033787,1.3364139795303345,PGC025622,2023gjg,2023gjg,SN II,2023-04-21 04:20:12.998,19.4354,,,,,spiral
ZTF22aajkkwd_1961223852415015003,ZTF22aajkkwd,1961223852415015003,184.7757189,47.358254,8.323894500732422,NGC4258,2022jui,2022jui,,2022-05-10 04:46:18.048,19.765,,,,,halo
ZTF20aauxfkj_1200464963515015009,ZTF20aauxfkj,1200464963515015009,252.449822,55.5570381,-999.99,NGC6246,,,,,,,,,,halo
ZTF23aabtmzm_2303165860915015006,ZTF23aabtmzm,2303165860915015006,112.0407872,52.4709653,3.7033615112304688,PGC021063,2023blw,2023blw,,2023-02-07 04:55:41.376,19.2877,,,,,spiral
ZTF21acdvnri_1734518360715015000,ZTF21acdvnri,1734518360715015000,159.1167487,37.3759357,5.152493953704834,NGC3294,2021zqr,2021zqr,,2021-09-26 12:24:28.800,18.92,,,,,halo
ZTF19abzmoov_1011111600715015004,ZTF19abzmoov,1011111600715015004,234.4371361,22.4263493,3.380821943283081,PGC055643,2019qba,2019qba,SN II,2019-09-11 15:50:24.000,18.96,,,,,spiral
ZTF22abgfhkd_2113193412715015033,ZTF22abgfhkd,2113193412715015033,339.9007605,-4.156049,3.775505781173706,NGC7344,2022ude,2022ude,,2022-09-14 10:05:55.392,19.54,,,,,spiral
ZTF18aahfbno_2120527612915010004,ZTF18aahfbno,2120527612915010004,162.9239495,18.4808737,1.4425815343856812,NGC3426,NGC  3426,,,,,NGC  3426,Gaia DR2 3983312653548142848,,0.00041261276628480603,bulge
ZTF19aciggjn_2336181780115010000,ZTF19aciggjn,2336181780115010000,176.1179671,16.5580843,0.939964771270752,NGC3853,ATLAS 17adf,,,,,ATLAS 17adf,,,,nucleus
ZTF19abbthwy_936172665315015018,ZTF19abbthwy,936172665315015018,213.4153725,7.6563835,3.7298641204833984,NGC5514,2019igh,2019igh,SN IIb,2019-06-27 04:37:36.000,19.05,,,,,spiral
ZTF23aalcvlh_2363267393315015007,ZTF23aalcvlh,2363267393315015007,175.602148,20.1192681,4.069864273071289,PGC036349,2023jbk,2023jbk,SN II,2023-05-21 06:44:34.080,17.56,SNF 20060125-004,,,,spiral
ZTF21abhqirx_1642249270815015003,ZTF21abhqirx,1642249270815015003,186.0903779,9.2928272,3.3796327114105225,NGC4360,2021qqo,2021qqo,SN Ia,2021-06-20 05:07:47.136,16.8451,,,,,bulge
ZTF19aadtqcd_821437803415015000,ZTF19aadtqcd,821437803415015000,248.0868498,19.8408482,2.910569906234741,NGC6181,2019aai,2019aai,SN II,2019-01-20 12:19:11.000,17.84,,,,,spiral
ZTF20acqvwzm_1501426000615015009,ZTF20acqvwzm,1501426000615015009,209.6419239,37.4529312,2.189138412475586,NGC5394 / NGC5395,2020aaxs,2020aaxs,SN Ib,2020-11-25 12:11:08.002,17.0483,,,,,bulge
ZTF18acsulmu_864264083115015109,ZTF18acsulmu,864264083115015109,133.2334247,42.4126764,1.8859223127365112,UGC04642,2018hfg,2018hfg,SN IIn,2018-10-09 11:45:36.000,16.9,ASASSN -18xk,,,,spiral
ZTF19aaydpiq_913223171215015000,ZTF19aaydpiq,913223171215015000,170.2662434,31.2489854,2.206207036972046,UGC06367,2019hhc,2019hhc,SN II,2019-06-08 04:07:40.000,18.4,AT 2019hhc,,,,spiral
ZTF21abhrpia_1682421120315015012,ZTF21abhrpia,1682421120315015012,1.6139254,-13.415861,2.001952648162842,NGC7828,2021ocs,2021ocs,SN Ic,2021-05-30 14:06:43.200,17.692,,,,,spiral
ZTF21abkquhv_1712367090315015011,ZTF21abkquhv,1712367090315015011,11.897793,-20.4280231,2.020033121109009,NGC0247B,2021qzp,2021qzp,SN Ib/c,2021-06-26 13:50:52.800,18.0,,,,,spiral
ZTF21aceqfge_1734340792815015000,ZTF21aceqfge,1734340792815015000,20.7585186,33.183548,3.476233959197998,NGC0494,2021agnd,2021agnd,,2021-09-26 09:24:28.800,20.57,,,,,bulge
ZTF19aaahadw_740160416315015016,ZTF19aaahadw,740160416315015016,20.7934044,-0.4018345,2.008387327194214,UGC00929,2018lil,2018lil,,2018-12-30 03:29:17.000,19.17,,,,,bulge
ZTF18aaqncpg_2262337154415015006,ZTF18aaqncpg,2262337154415015006,176.8931618,55.967213,1.0608302354812622,NGC3888,,,,,,,Gaia DR2 841978727213819776,,0.0004761859237604255,nucleus
ZTF22ababhmy_2149273360915015000,ZTF22ababhmy,2149273360915015000,29.6251236,-26.2849626,4.258999347686768,NGC0775,2022lsh,2022lsh,SN II,2022-06-01 03:38:21.696,18.625,,,,,spiral
ZTF22abtspuo_2181424390115015004,ZTF22abtspuo,2181424390115015004,161.201059,38.1815667,1.0390418767929077,UGC05856,2022aatv,2022aatv,,2022-11-18 14:42:43.200,18.792,,,,,spiral
ZTF20acghodf_1417070053015015003,ZTF20acghodf,1417070053015015003,313.4715122,-25.4740479,1.770843267440796,ESO529-011,2020pvb,2020pvb,SN IIn,2020-07-18 10:06:14.400,21.04,,,,,spiral
ZTF21acqceyt_2180533614315015006,ZTF21acqceyt,2180533614315015006,199.2642313,-2.2612776,1.321760654449463,IC4218,2021aeyk,2021aeyk,,2021-11-18 13:09:07.200,18.23,IC 4218,Gaia DR2 3684714604300891904,0.15910456586313984,0.00040037653894066345,nucleus
ZTF20aaurjzv_1213368324115015000,ZTF20aaurjzv,1213368324115015000,233.4652037,56.6902962,6.993014335632324,NGC5965,2020gkz,2020gkz,SN Ia,2020-04-10 09:06:45.000,19.5,,,,,halo
ZTF19aanwzfq_2331228065615015020,ZTF19aanwzfq,2331228065615015020,171.0709146,-13.8571927,0.5648020505905151,NGC3667,2021ilv,2021ilv,,2021-01-12 11:35:25.152,17.638,NGC  3667,,,,nuclear
ZTF20aauochk_1187496873515015020,ZTF20aauochk,1187496873515015020,252.4565093,55.5582801,5.516219615936279,NGC6246,,,,,,,,,,halo
ZTF22abvmfrq_2217402373915015008,ZTF22abvmfrq,2217402373915015008,165.751031,-16.2891308,1.2782230377197266,NGC3508,2022abgs,2022abgs,SN II,2022-11-18 07:51:54.144,17.213,,,,,spiral
ZTF19abrejzg_970154762015015001,ZTF19abrejzg,970154762015015001,226.9682197,54.7258846,2.8184354305267334,NGC5874,,,,,,,,,,halo
ZTF19acxqakr_1133535193715015001,ZTF19acxqakr,1133535193715015001,229.5003278,13.5265435,3.196537494659424,PGC054615,2018lqx,2018lqx,,2018-06-04 10:42:14.000,18.685,,,,,spiral
ZTF18aabjruc_2326243325515010000,ZTF18aabjruc,2326243325515010000,150.4800841,72.1703493,0.7617522478103638,NGC3065,NGC  3065,,,,,NGC  3065,Gaia DR2 1077842933652765056,,0.00019418472739413128,nucleus
ZTF19aaepxgb_2308175525515010000,ZTF19aaepxgb,2308175525515010000,150.4789209,72.1696266,1.1074590682983398,NGC3065,NGC  3065,,,,,NGC  3065,Gaia DR2 1077842933652765056,,0.0004704625658527666,nuclear
ZTF21aahpzqi_2304207315615015018,ZTF21aahpzqi,2304207315615015018,171.0709146,-13.8571927,0.8335927724838257,NGC3667,2021ilv,2021ilv,,2021-01-12 11:35:25.152,17.638,NGC  3667,,,,nucleus
ZTF22aameovi_2330185626215010000,ZTF22aameovi,2330185626215010000,162.3635442,21.7803258,1.7085328102111816,PGC032397,MCG+04-26-012,,,,,MCG+04-26-012,Gaia DR2 3989231908755912704,,0.00044347939868831954,nucleus
ZTF19abgbbzy_1039519170315015002,ZTF19abgbbzy,1039519170315015002,172.137033,58.5621879,3.2098388671875,IC0694 / NGC3690,2019lqo,2019lqo,SN II,2019-07-21 07:33:36.000,18.33,SN 2019lqo,,,,spiral
ZTF23aaawcwq_2298450055415015010,ZTF23aaawcwq,2298450055415015010,238.2314691,21.1033578,3.426745891571045,NGC6008,2023apm,2023apm,SN IIP,2023-01-23 12:48:57.600,19.45,,,,,spiral
ZTF20actqtfk_1441484665115015014,ZTF20actqtfk,1441484665115015014,177.6518363,-7.606661,1.192346453666687,PGC037028,2020aags,2020aags,,2020-11-17 14:48:28.800,18.795,,,,,spiral
ZTF18abxwqht_632208323315015020,ZTF18abxwqht,632208323315015020,277.0342236,34.3046391,1.4441416263580322,NGC6640,2018hmk,2018hmk,SN Ib,2018-10-18 15:24:28.000,18.49,SN 2018hmk,,,,spiral
ZTF22abexdnd_2075509895015015000,ZTF22abexdnd,2075509895015015000,126.7731894,21.6428331,0.15430963039398193,UGC04414,2022tav,2022tav,,2022-09-02 12:08:38.400,19.29,,,,,spiral
ZTF22abyuzmp_2217295061015015013,ZTF22abyuzmp,2217295061015015013,126.819517,22.8763309,1.6889312267303467,UGC04416,2023qj,2023qj,SN Ic,2023-01-14 09:11:59.712,18.79,,,,,spiral
ZTF19abxqppy_1011111151515015003,ZTF19abxqppy,1011111151515015003,235.3762349,15.7843989,0.7346730828285217,NGC5980,2019pqo,2019pqo,SN IIb,2019-09-07 05:05:53.000,18.6697,,,,,spiral
ZTF20abjgpxl_1444462460615015006,ZTF20abjgpxl,1444462460615015006,187.2505707,7.8501158,3.1719746589660645,PGC041107,2020noz,2020noz,SN IIn,2020-06-22 06:33:07.200,21.03,PS 20eml,,,,spiral
ZTF20actxvbs_1936493620415015002,ZTF20actxvbs,1936493620415015002,340.3133369,23.4068556,1.5752177238464355,IC5242,IC 5242,,,,,IC 5242,Gaia DR2 1876173110828904704,,0.0004199656180470741,bulge
ZTF22abyxmbz_2216141006315015002,ZTF22abyxmbz,2216141006315015002,358.0982406,28.7686802,3.2275390625,NGC7775,2022adva,2022adva,,2022-12-22 03:54:21.997,19.0217,,,,,spiral
ZTF20acuails_2327232973915010010,ZTF20acuails,2327232973915010010,176.2167549,-9.2333089,1.0892622470855713,NGC3854,NGC  3854,,,,,NGC  3854,,,,nuclear
ZTF23aaazemg_2230439943115015008,ZTF23aaazemg,2230439943115015008,200.8259528,-11.3598824,2.240180253982544,PGC046777,2023amd,2023amd,,2023-01-24 12:59:48.002,19.0876,,,,,spiral
ZTF23aaalvut_2230099662515015003,ZTF23aaalvut,2230099662515015003,21.6847249,-3.5041885,3.086634397506714,IC1705,2023fa,2023fa,SN Ia,2023-01-11 00:52:29.280,17.333,,,,,halo
ZTF21acljgsm_1796463950415015009,ZTF21acljgsm,1796463950415015009,152.1868689,9.4585918,2.3075039386749268,UGC05473,2021oeg,2021oeg,SN Ia-91T-like,2021-06-02 05:57:07.200,17.964,,,,,spiral
ZTF20abqecog_1315206181515015007,ZTF20abqecog,1315206181515015007,235.3801132,15.7933688,3.2995615005493164,NGC5980,2020qyw,2020qyw,,2020-08-08 04:56:55.680,19.4123,,,,,spiral
ZTF20aaezgkg_1141112332815015003,ZTF20aaezgkg,1141112332815015003,41.3288597,-17.7044587,2.4962191581726074,NGC1099,2020dr,2020dr,SN Ic,2020-01-04 06:23:02.000,18.855,,,,,spiral
ZTF21acrccai_1871425920415015000,ZTF21acrccai,1871425920415015000,210.8223312,38.5315785,3.4581689834594727,UGC08975,2021adpe,2021adpe,SN Ia,2021-11-04 23:22:33.600,17.76,,,,,spiral
ZTF23aaarmtb_2297246751415015009,ZTF23aaarmtb,2297246751415015009,136.8155923,37.2147451,3.87912654876709,IC2434,2023qh,2023qh,SN II,2023-01-14 15:57:16.992,19.77,,,,,spiral
ZTF23aaovxwf_2382459341315015000,ZTF23aaovxwf,2382459341315015000,351.1406651,-19.0564695,1.2615126371383667,NGC7656,2023gcl,2023gcl,,2023-04-18 09:36:00.000,16.6,,,,,halo
ZTF20aambadt_1130474945015015019,ZTF20aambadt,1130474945015015019,218.1134339,49.9046197,1.7552461624145508,IC1029,IC 1029,,,,,IC 1029,,,,bulge
ZTF21aarebcc_1550192450715010014,ZTF21aarebcc,1550192450715010014,169.6053274,58.7862226,2.2298738956451416,NGC3610,[WSK2002] 48,,,,,[WSK2002] 48,,,,bulge
ZTF23aabrhwv_2223329866015010001,ZTF23aabrhwv,2223329866015010001,128.0471877,22.5605654,2.0859267711639404,NGC2599,,,,,,,,,,bulge
ZTF18acpdvwl_828267595115010006,ZTF18acpdvwl,828267595115010006,153.4080943,3.4326614,0.1419524997472763,NGC3166,,,,,,,,,,halo
ZTF18aarbnsl_1957177885215010002,ZTF18aarbnsl,1957177885215010002,140.511173,50.9766278,1.1518244743347168,NGC2841,NGC  2841,,,,,NGC  2841,,,,nucleus
ZTF17aabonmt_2358186276215010000,ZTF17aabonmt,2358186276215010000,146.6886042,13.7732625,0.7403706312179565,UGC05232,UGC  5232,,,,,UGC  5232,Gaia DR2 614640164002124416,,0.00018271116011348408,bulge
ZTF21aahdull_2306203496215010002,ZTF21aahdull,2306203496215010002,146.6885637,13.773252,1.7423278093338013,UGC05232,UGC  5232,,,,,UGC  5232,Gaia DR2 614640164002124416,,0.0005055853224542311,nucleus
ZTF23aaavtgk_2213437784815010009,ZTF23aaavtgk,2213437784815010009,216.8348569,1.0259094,2.7740120887756348,IC1010,,,,,,,,,,spiral
ZTF19aceudcz_2197495715215010026,ZTF19aceudcz,2197495715215010026,250.0329352,58.6173628,1.486374855041504,NGC6206,NGC  6206,,,,,NGC  6206,Gaia DR2 1431898979311034112,,0.00040513991070865833,nucleus
ZTF19acrmmpq_1058125530115015005,ZTF19acrmmpq,1058125530115015005,334.0212181,-26.6798122,4.728294849395752,ESO533-006,2019umr,2019umr,SN Ia,2019-11-08 02:01:14.000,19.1545,,,,,spiral
ZTF18admeltb_2183177446115010002,ZTF18admeltb,2183177446115010002,351.2057348,15.2749002,0.5321523547172546,NGC7653,,,,,,,,,,nuclear
ZTF22aabtcao_1922352934115015000,ZTF22aabtcao,1922352934115015000,171.5630068,27.8690521,2.623112678527832,NGC3678,2022ei,2022ei,,2022-01-08 13:49:26.400,18.38,,,,,spiral
ZTF22aaanmsr_1886329650115015004,ZTF22aaanmsr,1886329650115015004,148.3965047,-12.485912,2.4626564979553223,NGC3058,2022bmg,2022bmg,SN Ib/c,2022-02-04 09:36:57.024,20.9,,,,,spiral
ZTF23aadqald_2299362594815010005,ZTF23aadqald,2299362594815010005,217.0179231,1.0060334,2.0664477348327637,IC1011,,,,,,,,,,spiral
ZTF23aacqunt_2296255863715015012,ZTF23aacqunt,2296255863715015012,174.2254227,19.9697554,1.904939889907837,UGC06583,2023bmo,2023bmo,SN II,2023-02-10 07:13:04.800,17.748,,,,,spiral
ZTF20aacwfew_2120467683615015003,ZTF20aacwfew,2120467683615015003,141.1253767,49.3700286,1.047122836112976,NGC2857,,,,,,,Gaia DR2 1018107879960469760,1.767065558926358,0.0002857063714739221,nucleus
ZTF18acrygkg_733542752115015018,ZTF18acrygkg,733542752115015018,196.0670483,-10.3210284,4.049529552459717,NGC4939,2018lqq,2018lqq,,2018-12-23 11:45:36.000,19.7071,,,,,spiral
ZTF22abyelas_2214121532315015000,ZTF22abyelas,2214121532315015000,31.8306905,-25.4404501,1.7745966911315918,NGC0823,2022abid,2022abid,SN Ia,2022-11-23 02:50:53.952,17.4,,,,,halo
ZTF18aarlrwc_2336329946115010002,ZTF18aarlrwc,2336329946115010002,185.0865993,29.3108537,2.377066135406494,NGC4278,,,,,,,,,,nucleus
ZTF21abdelgx_2139535423815010009,ZTF21abdelgx,2139535423815010009,174.9220178,-9.3666482,1.5890100002288818,NGC3791,,,,,,,Gaia DR2 3588648521036591872,1.3065070318254517,0.00041602866956520497,nucleus
ZTF18aajartc_1733138325615015012,ZTF18aajartc,1733138325615015012,234.7478538,43.8715977,1.403128981590271,UGC09959,,,,,,,,,,nucleus
ZTF21ababpoq_1590198221915015024,ZTF21ababpoq,1590198221915015024,126.8621425,17.2867455,2.957425355911255,NGC2596,2021lwd,2021lwd,SN IIb,2021-05-02 05:22:33.600,20.33,,,,,spiral
ZTF21aclzzex_1796541255215015009,ZTF21aclzzex,1796541255215015009,182.2931756,29.1752971,2.1084682941436768,NGC4134,2021adlx,2021adlx,,2021-11-05 13:08:49.998,18.822,AT 2021adlx,,,,spiral
ZTF19accdehb_1039502195115015007,ZTF19accdehb,1039502195115015007,124.9609273,-14.7154813,4.355205535888672,PGC090082,2019rsg,2019rsg,SN Ia,2019-10-02 12:33:59.000,18.124,,,,,spiral
ZTF21acdxume_1734159440615015001,ZTF21acdxume,1734159440615015001,249.0469526,66.0286167,1.901824712753296,PGC058587,2021aaco,2021aaco,,2021-09-27 04:45:19.296,19.9908,,,,,halo
ZTF23aaitpjv_2336199070915015002,ZTF23aaitpjv,2336199070915015002,186.608994,31.226306,2.3909168243408203,NGC4414,2023hlf,2023hlf,SN II,2023-05-01 05:41:03.840,17.84,,,,,spiral
ZTF19abahswi_906199183515015017,ZTF19abahswi,906199183515015017,252.4565093,55.5582801,8.901018142700195,NGC6246,,,,,,,,,,halo
ZTF18ablqebm_582177772115015001,ZTF18ablqebm,582177772115015001,189.0863862,25.9876633,1.8571252822875977,NGC4565,NGC  4565,,,,,NGC  4565,,,,nucleus
ZTF19acpmblp_2343235766015010005,ZTF19acpmblp,2343235766015010005,175.5508995,0.33446,0.9535651206970215,UGC06665,Mrk 1304,,,,,Mrk 1304,Gaia DR2 3795854614025238016,,0.00027109086498585403,bulge
ZTF20aaeibax_1587180081115010008,ZTF20aaeibax,1587180081115010008,154.2235696,73.4006964,1.015758752822876,NGC3147,NGC  3147,,,,,NGC  3147,,,,nucleus
ZTF18acfhodh_2009422886115010006,ZTF18acfhodh,2009422886115010006,351.2056033,15.2755764,1.1987946033477783,NGC7653,NGC  7653,,,,,NGC  7653,Gaia DR2 2814290278621817216,,0.00037623484685854025,bulge
ZTF23aakhdlu_2328349655015010001,ZTF23aakhdlu,2328349655015010001,239.1119166,78.9778975,4.8067731857299805,NGC6068,,,,,,,,,,star
ZTF20acigvin_1380195872115015015,ZTF20acigvin,1380195872115015015,341.4969088,10.8669936,4.884635925292969,NGC7374,,,,,,,,,,halo
ZTF20aadcjdr_1101509031515015012,ZTF20aadcjdr,1101509031515015012,197.6762486,37.0881767,0.44670456647872925,NGC5005,2020er,2020er,,2020-01-04 12:53:22.000,20.2836,,,,,spiral
ZTF18acfucxy_1509200053715015000,ZTF18acfucxy,1509200053715015000,24.6449195,34.992182,2.0689878463745117,UGC01166,,,,,,,,,,bulge
ZTF19acxytxu_2202503841115010009,ZTF19acxytxu,2202503841115010009,193.7619048,8.0654723,1.2918939590454102,NGC4795,NGC  4795,,,,,NGC  4795,Gaia DR2 3733612768311608704,,0.0003698737753286851,bulge
ZTF20aaksjvq_1157484562515010011,ZTF20aaksjvq,1157484562515010011,210.4209165,54.3939697,2.4249331951141357,NGC5457,,,,,,,,,,bulge
ZTF21aacirhn_1550164953515015000,ZTF21aacirhn,1550164953515015000,128.0851479,41.3589799,2.500868320465088,PGC023948,,,,,,,,,,bulge
ZTF20aappkrl_1145537123515015019,ZTF20aappkrl,1145537123515015019,252.445952,55.5593593,9.127732276916504,NGC6246,,,,,,,,,,halo
ZTF22aamxlrg_1981234594415010001,ZTF22aamxlrg,1981234594415010001,170.0658459,12.9847872,2.1451797485351562,NGC3627,,,,,,,,,,spiral
ZTF19acawlex_997139163515015004,ZTF19acawlex,997139163515015004,252.4441178,55.5563691,9.56175422668457,NGC6246,,,,,,,,,,halo
ZTF21acovnps_2262337154315015035,ZTF21acovnps,2262337154315015035,179.1171715,55.1252721,4.376325607299805,NGC3982,,,,,,,,,,nucleus
ZTF20aalyccv_1129452625315015006,ZTF20aalyccv,1129452625315015006,169.6504134,58.0000561,2.2238152027130127,NGC3613,,,,,,,,,,nuclear
ZTF19aatxxyk_1074423502615010001,ZTF19aatxxyk,1074423502615010001,172.4717755,24.9500088,9.646549224853516,UGC06496,,,,,,,,,,star
ZTF20aazlvht_1233201371815015019,ZTF20aazlvht,1233201371815015019,146.5892559,3.0735713,1.016116976737976,IC0564,2020jsh,2020jsh,SN Ia,2020-05-12 03:43:05.952,19.14,,,,,spiral
ZTF20abepklv_1274216872515015000,ZTF20abepklv,1274216872515015000,217.8556607,33.2305505,3.66402006149292,PGC051893,2020lkw,2020lkw,SN II,2020-05-25 10:42:14.400,18.02,,,,,spiral
ZTF22abyomle_2218473851015015004,ZTF22abyomle,2218473851015015004,223.5329963,73.1340068,2.377074956893921,NGC5819,2022abln,2022abln,SN II,2022-11-24 18:55:00.000,17.8,,,,,spiral
ZTF23aanbdhk_2348215060215015020,ZTF23aanbdhk,2348215060215015020,251.2184076,22.5016632,-999.99,UGC10528,,,,,,,,,,halo
ZTF21abirczm_1643215276215015002,ZTF21abirczm,1643215276215015002,190.2748173,50.3927988,2.6613612174987793,NGC4617,2021rix,2021rix,,2021-07-01 04:44:14.004,19.4169,,,,,spiral
ZTF21abgeyin_1625193790215015002,ZTF21abgeyin,1625193790215015002,191.2775196,23.0509257,2.7306888103485107,IC0813,2021qcc,2021qcc,,2021-06-08 06:21:09.000,20.8747,,,,,bulge
ZTF20aavcscj_1201398723515015014,ZTF20aavcscj,1201398723515015014,226.8973894,19.6073126,2.544079303741455,NGC5857 / NGC5859,,,,,,,,,,field
ZTF22aahxllh_1945303943715015002,ZTF22aahxllh,1945303943715015002,189.2225813,27.8620048,3.337822437286377,NGC4559A,2022iyw,2022iyw,,2022-04-30 07:17:41.280,18.6926,,,,,bulge
ZTF20aajcers_1182463723515015011,ZTF20aajcers,1182463723515015011,226.8890012,19.6069507,5.623776435852051,NGC5857 / NGC5859,,,,,,,,,,field
ZTF18adbhnry_2134476214615015000,ZTF18adbhnry,2134476214615015000,161.9497875,12.5780468,2.156050682067871,NGC3379,[WFB2003] 064,,,,,[WFB2003] 064,,,,halo
ZTF20abpyklu_1981461732815015003,ZTF20abpyklu,1981461732815015003,17.1540535,39.6441875,1.8590890169143677,NGC0393,NGC   393,,,,,NGC   393,,,,nucleus
ZTF18aatvacv_680470691015015012,ZTF18aatvacv,680470691015015012,178.9016227,29.9959274,2.705815553665161,NGC3971,,,,,,,,,,nucleus
ZTF20aabqshh_1096541143415015026,ZTF20aabqshh,1096541143415015026,189.4313804,11.8181897,2.4922826290130615,NGC4579,,,,,,,,,,bulge
ZTF21abdauuv_1611190932115015005,ZTF21abdauuv,1611190932115015005,185.5360828,4.2949656,2.4246039390563965,NGC4303,,,,,,,,,,bulge
ZTF21aaetqlu_2152561245215010125,ZTF21aaetqlu,2152561245215010125,200.3461535,0.3422737,2.0996484756469727,NGC5104,,,,,,,,,,nucleus
ZTF20aaqamnu_1227199272115015003,ZTF20aaqamnu,1227199272115015003,185.4080555,4.5073062,2.781435489654541,NGC4303,[RKB2011] 1,,,,,[RKB2011] 1,,,,bulge
ZTF21aajgdlz_1500399752615015010,ZTF21aajgdlz,1500399752615015010,172.4618062,24.9473809,4.829758644104004,UGC06496,,,,,,,,,,star
